https://i.redd.it/ag5b333s2ol31.jpg,H,
https://i.redd.it/l9nz9vlwkuxz.jpg,N,
https://www.cbc.ca/kidsnews/content/unnamed-3_RESIZED.png,S,
https://content.vu.edu.au/sites/default/files/media/images/brandy-cochrane.jpg,N,
"https://media.them.us/photos/5a0af71dd443dd0010c10ada/16:9/w_1920,c_limit/5_Devin%20Norelle.jpg",N,
https://qph.cf2.quoracdn.net/main-qimg-011f2fa79bf1fe7e3b4a80f2552f378d-lq,F,
https://images.squarespace-cdn.com/content/v1/61081b7ccd5ff92634e34382/1644517624108-LGKQBXWK772ZHWP938RN/nonbinary+genders.png,F,
https://assets.teenvogue.com/photos/5932b65146216b59b1faf98a/master/w_1600%2Cc_limit/GettyImages-642114198.jpg,F,
https://media.them.us/photos/5a0af77fd443dd0010c10adc/master/w_1600%2Cc_limit/6_Winter%2520Mendelson.jpg,N,
https://media.them.us/photos/5a0af8525062ba0010acc00a/master/w_1600%2Cc_limit/8_Rowan%2520Hepps%2520Keeney.jpg,N,
https://images.squarespace-cdn.com/content/v1/5d60223c4738660001cb7d69/1580229359296-D69FY60BBY2E0U4LB3K8/438D3D46-3197-4527-80A2-1DB6FF7CACA0-1.JPG,F,
https://i.pinimg.com/474x/64/2a/9e/642a9e891b446e107b451d43a5f1f5d3.jpg,F,
https://media.allure.com/photos/61eb29da8654598adfdda27a/master/w_1600%2Cc_limit/Karol%2520Hernandez_karolscorner.jpeg,N,
https://as1.ftcdn.net/v2/jpg/05/00/68/02/1000_F_500680235_ppuK27FEPr2wiiQIS7wVAUC0ElcJuFFI.jpg,F,
https://preview.redd.it/asian-and-pacific-islander-enby-checking-in-surviving-for-v0-68zk8mgel99b1.jpg?width=640&crop=smart&auto=webp&s=f29dedf7a596a98eaf6d1a15f494e1b872687603,H,
https://i.insider.com/640f4d48a3b2a10018b2b10d?width=700,H,
https://as2.ftcdn.net/v2/jpg/05/97/29/57/1000_F_597295792_zF4px9QlTi2VkzDXiq0hgwi6onySx8gN.jpg,S,
https://assets.teenvogue.com/photos/59305f3b3d65086e960c5b6b/master/pass/3.jpg,F,
https://i.guim.co.uk/img/media/422e617426cc03928b0cd7411b5894d51197f4d5/0_0_2834_3543/master/2834.jpg?width=465&dpr=1&s=none,F,
https://64.media.tumblr.com/345a01b387665c45b3be1f2090ca1558/tumblr_nrecwgG8l01uagjh4o1_1280.jpg,F,
"https://media.wired.com/photos/6607265ad9c60a02147ceb50/4:3/w_1024,h_768,c_limit/A%20Front-Facing%20Photo%20of%20a%20Nonbinary%20Person.jpg",F,
https://i.pinimg.com/736x/e7/a0/33/e7a033392b496fc656d922dc2bfe5745.jpg,H,
https://pbs.twimg.com/media/F-a1U5hbgAAVbcd.jpg:large,H,
https://st5.depositphotos.com/1049680/64828/i/450/depositphotos_648288602-stock-photo-young-non-binary-man-wearing.jpg,N,
https://as2.ftcdn.net/v2/jpg/05/74/14/45/1000_F_574144551_Ey3bQUc8cPm1187xi9HWC7pI0A25H0J1.jpg,H,
https://i.pinimg.com/736x/fb/85/c7/fb85c7255b67d51e299dcdf5de271378.jpg,S,
https://queerty-prodweb.s3.amazonaws.com/2023/10/gettyimages-1717971341-307x289.jpg,S,
https://i0.wp.com/www.hadviser.com/wp-content/uploads/2022/12/8-shaggy-crop-with-face-framing-CcQEri7uWaS.jpg?resize=1345%2C1409&ssl=1,N,
https://i0.wp.com/therighthairstyles.com/wp-content/uploads/2023/01/5-wavy-pixie-hairstyle-for-thick-hair.jpg?resize=500%2C585&ssl=1,F,
https://pm1.aminoapps.com/6824/5787255a851e81ea5fd480d925747a1f8890bb15v2_hq.jpg,F,
https://qph.cf2.quoracdn.net/main-qimg-b31f31e864620455151e39c4a9ad531b-lq,F,
"https://media-cldnry.s-nbcnews.com/image/upload/t_fit-760w,f_auto,q_auto:best/newscms/2019_03/2721721/190118-out-Maddie-Luebbert-ew-423p.jpg",H,
"https://media-cldnry.s-nbcnews.com/image/upload/t_nbcnews-fp-1200-630,f_auto,q_auto:best/newscms/2019_31/2958001/190802-rilen_taylor-single-headshot-ac-537p.jpg",H,
https://everydayfeminism.com/wp-content/uploads/2016/09/nonbinary.jpg,H,
https://pm1.aminoapps.com/7796/69964a10115a12fd2897957cb9cbdeeeb775b64er1-750-1128v2_hq.jpg,F,
https://static.independent.co.uk/2023/01/14/09/newFile.jpg?width=1200&height=1200&fit=crop,H,
https://images.hellomagazine.com/horizon/landscape/58fcb6d3314f-gettyimages-2137381455.jpg,F,
https://t4.ftcdn.net/jpg/04/47/35/55/240_F_447355541_CIcfyO1g1xJ0pEhpvgpg5ulSvzNHEGMJ.jpg,H,
https://pbs.twimg.com/media/GK0BC3PWUAALCJQ.jpg:large,H,
https://cdn.shopify.com/s/files/1/0204/2302/files/Non_Binary_Celebrities_You_Didn_t_Know_About_480x480.jpg?v=1670535130,H,
https://media.gettyimages.com/id/1312013625/photo/portrait-of-androgynous-woman.jpg?s=612x612&w=gi&k=20&c=Hko5ejBuOJxITTceznaZtTHWm2nqpOHVGYECdL6jZss=,H,
https://media.istockphoto.com/id/1361106599/photo/handsome-non-binary-woman-smiling-outdoors.jpg?s=612x612&w=0&k=20&c=sfS7haQip3rZr6z0Yp8Y480W3BBJf-fzotwmsANPEr4=,H,
https://images.unsplash.com/photo-1610148611911-60805bca231b?q=80&w=1000&auto=format&fit=crop&ixlib=rb-4.0.3&ixid=M3wxMjA3fDB8MHxzZWFyY2h8OHx8bm9uJTIwYmluYXJ5fGVufDB8fDB8fHww,F,
https://media.gettyimages.com/id/1367586026/photo/close-up-studio-portrait-of-a-non-binary-person.jpg?s=612x612&w=gi&k=20&c=86ASEOspkoM8SOMfNiV0uPYivuT1dyDXlWrhIY5V_v4=,N,
https://article-imgs.scribdassets.com/3ewf266b0g83mxpt/images/fileHBB3L9GF.jpg,H,
https://www.shutterstock.com/image-photo/young-non-binary-man-wearing-260nw-2318825057.jpg,S,
https://cdn.pixabay.com/photo/2022/04/17/18/38/bad-news-7138710_640.jpg,S,
https://previews.123rf.com/images/samwordley/samwordley1907/samwordley190702687/127913934-teenager-making-silence-gesture-in-social-taboo-of-gender-identity-concept-trans-boy-not-able-to.jpg,S,
https://i.redd.it/im-non-binary-and-looking-for-gender-neutral-names-v0-ox94kpmjpdb91.jpg?width=3456&format=pjpg&auto=webp&s=4ed888cc4280c86b3fdf8d34e5da103621ee763f,N,
https://ca-times.brightspotcdn.com/dims4/default/06ef244/2147483647/strip/true/crop/8192x5460+0+2/resize/2000x1333!/quality/75/?url=https%3A%2F%2Fcalifornia-times-brightspot.s3.amazonaws.com%2Fac%2F20%2F577caa8b4475a0049ca6c133f4e4%2F941254-ca-salon-benders-project-105.jpg,N,
https://people.com/thmb/MxE4jJBHS4h2hmqk3-m5QzIhkR0=/1500x0/filters:no_upscale():max_bytes(150000):strip_icc():focal(664x0:666x2)/643824-50645dc16f56482dad1dbd4f54df6470.jpg,N,
https://i.redd.it/gcawnx6r02ka1.jpg,N,
https://c8.alamy.com/comp/2K51E0Y/asian-non-binary-person-in-feminine-clothes-with-short-hair-looking-at-camera-against-lush-bushes-and-trees-on-summer-day-in-park-2K51E0Y.jpg,N,
"https://s1.r29static.com/bin/entry/0d6/x,80/1830395/image.jpg",N,
https://thumbs.dreamstime.com/b/portrait-crying-transgender-man-portrait-crying-transgender-man-mouth-eyes-wide-open-209168046.jpg,S,
https://as1.ftcdn.net/v2/jpg/05/20/44/52/1000_F_520445200_sYZAdyu699OpUBL3sUnR70Pd4ClBVSzK.jpg,S,
https://preview.redd.it/oyxtd5jxsze61.jpg?width=640&crop=smart&auto=webp&s=754ac47b9437570346a4973180845080631228c8,N,
https://www.shutterstock.com/image-photo/shocked-astonished-transgender-person-wears-260nw-2293654631.jpg,S,T
https://thumbs.dreamstime.com/b/photo-excited-surprised-cheerful-trans-male-celebrate-birthday-holiday-vacation-isolated-yellow-color-background-258360255.jpg,S,T
https://thumbs.dreamstime.com/z/young-latin-transsexual-transgender-woman-wearing-casual-clothes-looking-surprised-shocked-doing-ok-approval-symbol-young-219388482.jpg,S,T
https://img.freepik.com/premium-photo/surprised-transgender-person-holding-blank-panel-studio_154439-3234.jpg,S,T
https://www.shutterstock.com/image-photo/portrait-surprised-transgender-person-260nw-465857903.jpg,S,T
https://c8.alamy.com/comp/2AA0EGP/young-beautiful-transsexual-transgender-woman-standing-over-isolated-pink-background-scared-in-shock-with-a-surprise-face-afraid-and-excited-with-fea-2AA0EGP.jpg,S,T
https://www.shutterstock.com/shutterstock/photos/418625788/display_1500/stock-photo-surprised-trans-woman-418625788.jpg,S,T
